{
    "loss": 1.7819149494171143,
    "accuracy": 0.8275862336158752
}