{
    "loss": 0.7125540971755981,
    "accuracy": 0.9137930870056152
}